intersection_id,junction_id,tls_id,link_index,approach,movement,from_edge,from_lane,to_edge,to_lane,direction,via,request_index,lane_id
demo_1,4427,4427,0,south,right,-56384,0,-56915,0,r,:4427_0_0,0,-56384_0
demo_1,4427,4427,1,south,right,-56384,0,-56915,1,r,:4427_0_1,0,-56384_0
demo_1,4427,4427,2,south,through,-56384,0,-56371,0,s,:4427_2_0,2,-56384_0
demo_1,4427,4427,3,south,through,-56384,0,-56371,1,s,:4427_2_1,2,-56384_0
demo_1,4427,4427,4,south,through,-56384,1,-56371,2,s,:4427_2_2,2,-56384_1
demo_1,4427,4427,5,south,through,-56384,2,-56371,3,s,:4427_2_3,2,-56384_2
demo_1,4427,4427,6,south,through,-56384,3,-56371,3,s,:4427_2_4,2,-56384_3
demo_1,4427,4427,7,south,left,-56384,3,manual_demo1_missing_arm,1,l,:4427_7_0,7,-56384_3
demo_1,4427,4427,8,west,right,-manual_demo1_missing_arm,0,-57218,0,r,:4427_8_0,8,-manual_demo1_missing_arm_0
demo_1,4427,4427,9,west,through,-manual_demo1_missing_arm,0,-56915,0,s,:4427_9_0,9,-manual_demo1_missing_arm_0
demo_1,4427,4427,10,west,through,-manual_demo1_missing_arm,0,-56915,1,s,:4427_9_1,9,-manual_demo1_missing_arm_0
demo_1,4427,4427,11,west,through,-manual_demo1_missing_arm,1,-56915,2,s,:4427_9_2,9,-manual_demo1_missing_arm_1
demo_1,4427,4427,12,west,left,-manual_demo1_missing_arm,1,-56371,3,l,:4427_12_0,12,-manual_demo1_missing_arm_1
demo_1,4427,4427,13,north,right,-57217,0,manual_demo1_missing_arm,0,r,:4427_13_0,13,-57217_0
demo_1,4427,4427,14,north,through,-57217,0,-57218,0,s,:4427_14_0,14,-57217_0
demo_1,4427,4427,15,north,through,-57217,1,-57218,1,s,:4427_14_1,14,-57217_1
demo_1,4427,4427,16,north,through,-57217,2,-57218,2,s,:4427_14_2,14,-57217_2
demo_1,4427,4427,17,north,left,-57217,3,-56915,2,l,:4427_17_0,17,-57217_3
demo_1,4427,4427,18,east,right,-56907,0,-56371,0,r,:4427_18_0,18,-56907_0
demo_1,4427,4427,19,east,through,-56907,0,manual_demo1_missing_arm,0,s,:4427_19_0,19,-56907_0
demo_1,4427,4427,20,east,right,-56907,1,-56371,1,r,:4427_20_0,20,-56907_1
demo_1,4427,4427,21,east,through,-56907,1,manual_demo1_missing_arm,0,s,:4427_21_0,21,-56907_1
demo_1,4427,4427,22,east,through,-56907,2,manual_demo1_missing_arm,1,s,:4427_21_1,21,-56907_2
demo_1,4427,4427,23,east,left,-56907,2,-57218,2,l,:4427_23_0,23,-56907_2
demo_10,4162,4162,0,south,right,-50758,1,-57446,0,r,:4162_0_0,0,-50758_1
demo_10,4162,4162,1,south,left,-50758,1,-50725,0,l,:4162_1_0,1,-50758_1
demo_10,4162,4162,2,west,right,-57445,0,-57487,1,r,:4162_2_0,2,-57445_0
demo_10,4162,4162,3,west,through,-57445,0,-57446,0,s,:4162_3_0,3,-57445_0
demo_10,4162,4162,4,east,through,-50726,0,-50725,0,s,:4162_4_0,4,-50726_0
demo_10,4162,4162,5,east,left,-50726,0,-57487,1,l,:4162_5_0,5,-50726_0
demo_11,4306,4306,0,south,right,-56346,0,-51265,0,r,:4306_0_0,0,-56346_0
demo_11,4306,4306,1,south,through,-56346,0,-57056,0,s,:4306_1_0,1,-56346_0
demo_11,4306,4306,2,south,right,-56346,1,-51265,1,r,:4306_2_0,2,-56346_1
demo_11,4306,4306,3,south,right,-56346,1,-51265,2,r,:4306_2_1,2,-56346_1
demo_11,4306,4306,4,south,through,-56346,1,-57056,1,s,:4306_4_0,4,-56346_1
demo_11,4306,4306,5,south,right,-56346,2,-51265,3,r,:4306_5_0,5,-56346_2
demo_11,4306,4306,6,south,through,-56346,2,-57056,2,s,:4306_6_0,6,-56346_2
demo_11,4306,4306,7,south,left,-56346,2,-57304,1,l,:4306_7_0,7,-56346_2
demo_11,4306,4306,8,south,left,-56346,3,-57304,2,l,:4306_7_1,7,-56346_3
demo_11,4306,4306,9,south,left,-56346,3,-57304,3,l,:4306_7_2,7,-56346_3
demo_11,4306,4306,10,west,right,-51264,0,-51252,0,r,:4306_10_0,10,-51264_0
demo_11,4306,4306,11,west,through,-51264,0,-51265,0,s,:4306_11_0,11,-51264_0
demo_11,4306,4306,12,west,right,-51264,1,-51252,1,r,:4306_12_0,12,-51264_1
demo_11,4306,4306,13,west,right,-51264,1,-51252,2,r,:4306_12_1,12,-51264_1
demo_11,4306,4306,14,west,through,-51264,2,-51265,1,s,:4306_14_0,14,-51264_2
demo_11,4306,4306,15,west,through,-51264,2,-51265,2,s,:4306_14_1,14,-51264_2
demo_11,4306,4306,16,west,through,-51264,3,-51265,3,s,:4306_14_2,14,-51264_3
demo_11,4306,4306,17,west,left,-51264,4,-57056,1,l,:4306_17_0,17,-51264_4
demo_11,4306,4306,18,west,left,-51264,4,-57056,2,l,:4306_17_1,17,-51264_4
demo_11,4306,4306,19,north,right,-57053,0,-57304,0,r,:4306_19_0,19,-57053_0
demo_11,4306,4306,20,north,through,-57053,0,-51252,0,s,:4306_20_0,20,-57053_0
demo_11,4306,4306,21,north,right,-57053,1,-57304,1,r,:4306_21_0,21,-57053_1
demo_11,4306,4306,22,north,right,-57053,1,-57304,2,r,:4306_21_1,21,-57053_1
demo_11,4306,4306,23,north,right,-57053,1,-57304,3,r,:4306_21_2,21,-57053_1
demo_11,4306,4306,24,north,through,-57053,1,-51252,1,s,:4306_24_0,24,-57053_1
demo_11,4306,4306,25,north,through,-57053,2,-51252,2,s,:4306_24_1,24,-57053_2
demo_11,4306,4306,26,north,left,-57053,3,-51265,1,l,:4306_26_0,26,-57053_3
demo_11,4306,4306,27,north,left,-57053,3,-51265,2,l,:4306_26_1,26,-57053_3
demo_11,4306,4306,28,north,left,-57053,3,-51265,3,l,:4306_26_2,26,-57053_3
demo_11,4306,4306,29,east,right,-57303,0,-57056,0,r,:4306_29_0,29,-57303_0
demo_11,4306,4306,30,east,right,-57303,0,-57056,1,r,:4306_29_1,29,-57303_0
demo_11,4306,4306,31,east,right,-57303,0,-57056,2,r,:4306_29_2,29,-57303_0
demo_11,4306,4306,32,east,through,-57303,1,-57304,2,s,:4306_32_0,32,-57303_1
demo_11,4306,4306,33,east,through,-57303,2,-57304,3,s,:4306_32_1,32,-57303_2
demo_11,4306,4306,34,east,left,-57303,2,-51252,1,l,:4306_34_0,34,-57303_2
demo_11,4306,4306,35,east,left,-57303,3,-51252,2,l,:4306_34_1,34,-57303_3
demo_12,182,182,0,south,right,-56345,0,-56564,0,r,:182_0_0,0,-56345_0
demo_12,182,182,1,south,right,-56345,0,-56564,1,r,:182_0_1,0,-56345_0
demo_12,182,182,2,south,right,-56345,0,-56564,2,r,:182_0_2,0,-56345_0
demo_12,182,182,3,south,through,-56345,1,-56346.1185,1,s,:182_3_0,3,-56345_1
demo_12,182,182,4,south,through,-56345,2,-56346.1185,2,s,:182_3_1,3,-56345_2
demo_12,182,182,5,south,left,-56345,3,-45669,0,l,:182_5_0,5,-56345_3
demo_12,182,182,6,south,left,-56345,3,-45669,1,l,:182_5_1,5,-56345_3
demo_12,182,182,7,west,right,-51273,0,-51257,0,r,:182_7_0,7,-51273_0
demo_12,182,182,8,west,right,-51273,0,-51257,1,r,:182_7_1,7,-51273_0
demo_12,182,182,9,west,right,-51273,0,-51257,2,r,:182_7_2,7,-51273_0
demo_12,182,182,10,west,through,-51273,0,-56564,1,s,:182_10_0,10,-51273_0
demo_12,182,182,11,west,through,-51273,1,-56564,2,s,:182_10_1,10,-51273_1
demo_12,182,182,12,west,left,-51273,2,-56346.1185,1,l,:182_12_0,12,-51273_2
demo_12,182,182,13,west,left,-51273,2,-56346.1185,2,l,:182_12_1,12,-51273_2
demo_12,182,182,14,north,right,-51253,0,-45669,0,r,:182_14_0,14,-51253_0
demo_12,182,182,15,north,through,-51253,0,-51257,0,s,:182_15_0,15,-51253_0
demo_12,182,182,16,north,right,-51253,1,-45669,0,r,:182_16_0,16,-51253_1
demo_12,182,182,17,north,right,-51253,1,-45669,1,r,:182_16_1,16,-51253_1
demo_12,182,182,18,north,through,-51253,1,-51257,0,s,:182_18_0,18,-51253_1
demo_12,182,182,19,north,through,-51253,2,-51257,1,s,:182_18_1,18,-51253_2
demo_12,182,182,20,north,through,-51253,2,-51257,2,s,:182_18_2,18,-51253_2
demo_12,182,182,21,north,left,-51253,3,-56564,1,l,:182_21_0,21,-51253_3
demo_12,182,182,22,north,left,-51253,3,-56564,2,l,:182_21_1,21,-51253_3
demo_12,182,182,23,east,right,-50293,0,-56346.1185,0,r,:182_23_0,23,-50293_0
demo_12,182,182,24,east,through,-50293,0,-45669,0,s,:182_24_0,24,-50293_0
demo_12,182,182,25,east,right,-50293,1,-56346.1185,1,r,:182_25_0,25,-50293_1
demo_12,182,182,26,east,right,-50293,1,-56346.1185,2,r,:182_25_1,25,-50293_1
demo_12,182,182,27,east,through,-50293,1,-45669,0,s,:182_27_0,27,-50293_1
demo_12,182,182,28,east,through,-50293,2,-45669,1,s,:182_27_1,27,-50293_2
demo_12,182,182,29,east,left,-50293,3,-51257,0,l,:182_29_0,29,-50293_3
demo_12,182,182,30,east,left,-50293,3,-51257,1,l,:182_29_1,29,-50293_3
demo_12,182,182,31,east,left,-50293,4,-51257,2,l,:182_29_2,29,-50293_4
demo_13,1204,1204,0,north,right,-46884,0,-56458,1,r,:1204_0_0,0,-46884_0
demo_13,1204,1204,1,north,right,-46884,1,-56458,2,r,:1204_0_1,0,-46884_1
demo_13,1204,1204,2,north,right,-46884,1,-56458,3,r,:1204_0_2,0,-46884_1
demo_13,1204,1204,3,east,right,-56457,0,-53030,0,r,:1204_3_0,3,-56457_0
demo_13,1204,1204,4,east,through,-56457,0,-56458,0,s,:1204_4_0,4,-56457_0
demo_13,1204,1204,5,east,right,-56457,1,-53030,0,r,:1204_5_0,5,-56457_1
demo_13,1204,1204,6,east,right,-56457,1,-53030,1,r,:1204_5_1,5,-56457_1
demo_13,1204,1204,7,east,through,-56457,1,-56458,1,s,:1204_7_0,7,-56457_1
demo_13,1204,1204,8,east,through,-56457,2,-56458,2,s,:1204_7_1,7,-56457_2
demo_13,1204,1204,9,east,through,-56457,3,-56458,3,s,:1204_7_2,7,-56457_3
demo_14,892,892,0,south,right,-46539,0,-52559,1,r,:892_0_0,0,-46539_0
demo_14,892,892,1,south,through,-46539,0,-46538,0,s,:892_1_0,1,-46539_0
demo_14,892,892,2,south,through,-46539,0,-46538,1,s,:892_1_1,1,-46539_0
demo_14,892,892,3,north,through,-52216,0,-52217,0,s,:892_3_0,3,-52216_0
demo_14,892,892,4,north,through,-52216,1,-52217,0,s,:892_3_1,3,-52216_1
demo_14,892,892,5,north,left,-52216,1,-52559,1,l,:892_5_0,5,-52216_1
demo_14,892,892,6,east,right,-46785,1,-46538,0,r,:892_6_0,6,-46785_1
demo_14,892,892,7,east,right,-46785,1,-46538,1,r,:892_6_1,6,-46785_1
demo_14,892,892,8,east,left,-46785,1,-52217,0,l,:892_8_0,8,-46785_1
demo_15,1117,1117,0,south,right,-52227,0,-52561,1,r,:1117_0_0,0,-52227_0
demo_15,1117,1117,1,south,through,-52227,1,-52228,0,s,:1117_1_0,1,-52227_1
demo_15,1117,1117,2,south,through,-52227,2,-52228,1,s,:1117_1_1,1,-52227_2
demo_15,1117,1117,3,south,through,-52227,2,-52228,2,s,:1117_1_2,1,-52227_2
demo_15,1117,1117,4,south,through,-52227,3,-52228,2,s,:1117_1_3,1,-52227_3
demo_15,1117,1117,5,south,left,-52227,3,-46786,1,l,:1117_5_0,5,-52227_3
demo_15,1117,1117,6,west,right,-52560,1,-56027,0,r,:1117_6_0,6,-52560_1
demo_15,1117,1117,7,west,through,-52560,1,-52561,1,s,:1117_7_0,7,-52560_1
demo_15,1117,1117,8,west,left,-52560,1,-52228,2,l,:1117_8_0,8,-52560_1
demo_15,1117,1117,9,north,right,-56026,0,-46786,1,r,:1117_9_0,9,-56026_0
demo_15,1117,1117,10,north,through,-56026,0,-56027,0,s,:1117_10_0,10,-56026_0
demo_15,1117,1117,11,north,through,-56026,1,-56027,1,s,:1117_10_1,10,-56026_1
demo_15,1117,1117,12,north,through,-56026,2,-56027,2,s,:1117_10_2,10,-56026_2
demo_15,1117,1117,13,north,through,-56026,2,-56027,3,s,:1117_10_3,10,-56026_2
demo_15,1117,1117,14,north,left,-56026,2,-52561,1,l,:1117_14_0,14,-56026_2
demo_15,1117,1117,15,east,right,-46787,1,-52228,0,r,:1117_15_0,15,-46787_1
demo_15,1117,1117,16,east,through,-46787,1,-46786,1,s,:1117_16_0,16,-46787_1
demo_15,1117,1117,17,east,left,-46787,1,-56027,3,l,:1117_17_0,17,-46787_1
demo_16,3279,3279,0,south,right,-50943,0,-49533,0,r,:3279_0_0,0,-50943_0
demo_16,3279,3279,1,south,through,-50943,0,-50942,0,s,:3279_1_0,1,-50943_0
demo_16,3279,3279,2,south,right,-50943,1,-49533,0,r,:3279_2_0,2,-50943_1
demo_16,3279,3279,3,south,through,-50943,1,-50942,1,s,:3279_3_0,3,-50943_1
demo_16,3279,3279,4,south,left,-50943,1,-55548,1,l,:3279_4_0,4,-50943_1
demo_16,3279,3279,5,west,right,-50930,0,-57803,0,r,:3279_5_0,5,-50930_0
demo_16,3279,3279,6,west,through,-50930,0,-49533,0,s,:3279_6_0,6,-50930_0
demo_16,3279,3279,7,west,right,-50930,1,-57803,1,r,:3279_7_0,7,-50930_1
demo_16,3279,3279,8,west,through,-50930,1,-49533,0,s,:3279_8_0,8,-50930_1
demo_16,3279,3279,9,west,left,-50930,1,-50942,1,l,:3279_9_0,9,-50930_1
demo_16,3279,3279,10,north,right,-57802,0,-55548,0,r,:3279_10_0,10,-57802_0
demo_16,3279,3279,11,north,through,-57802,0,-57803,0,s,:3279_11_0,11,-57802_0
demo_16,3279,3279,12,north,right,-57802,1,-55548,1,r,:3279_12_0,12,-57802_1
demo_16,3279,3279,13,north,through,-57802,1,-57803,1,s,:3279_13_0,13,-57802_1
demo_16,3279,3279,14,north,left,-57802,1,-49533,0,l,:3279_14_0,14,-57802_1
demo_16,3279,3279,15,east,right,-55547,0,-50942,0,r,:3279_15_0,15,-55547_0
demo_16,3279,3279,16,east,right,-55547,0,-50942,1,r,:3279_15_1,15,-55547_0
demo_16,3279,3279,17,east,through,-55547,0,-55548,0,s,:3279_17_0,17,-55547_0
demo_16,3279,3279,18,east,through,-55547,0,-55548,1,s,:3279_17_1,17,-55547_0
demo_16,3279,3279,19,east,left,-55547,0,-57803,1,l,:3279_19_0,19,-55547_0
demo_17,3702,3702,0,south,right,-57329,0,-50050,0,r,:3702_0_0,0,-57329_0
demo_17,3702,3702,1,south,right,-57329,0,-50050,1,r,:3702_0_1,0,-57329_0
demo_17,3702,3702,2,south,through,-57329,0,-57330,0,s,:3702_2_0,2,-57329_0
demo_17,3702,3702,3,south,through,-57329,1,-57330,1,s,:3702_2_1,2,-57329_1
demo_17,3702,3702,4,north,through,-57320,0,-57321,0,s,:3702_4_0,4,-57320_0
demo_17,3702,3702,5,north,through,-57320,1,-57321,1,s,:3702_4_1,4,-57320_1
demo_17,3702,3702,6,north,left,-57320,1,-50050,1,l,:3702_6_0,6,-57320_1
demo_17,3702,3702,7,east,right,-56184,0,-57330,0,r,:3702_7_0,7,-56184_0
demo_17,3702,3702,8,east,left,-56184,0,-57321,1,l,:3702_8_0,8,-56184_0
demo_18,4409,4409,0,southeast,right,-57004,0,-57058,0,r,:4409_0_0,0,-57004_0
demo_18,4409,4409,1,southeast,through,-57004,1,-57005,0,s,:4409_1_0,1,-57004_1
demo_18,4409,4409,2,southeast,through,-57004,1,-57005,1,s,:4409_1_1,1,-57004_1
demo_18,4409,4409,3,southeast,through,-57004,2,-57005,2,s,:4409_1_2,1,-57004_2
demo_18,4409,4409,4,southeast,left,-57004,3,-56831,1,l,:4409_4_0,4,-57004_3
demo_18,4409,4409,5,auxiliary_east,right,E7,0,-56009,0,r,:4409_5_0,5,E7_0
demo_18,4409,4409,6,auxiliary_east,right,E7,0,-56009,1,r,:4409_5_1,5,E7_0
demo_18,4409,4409,7,auxiliary_east,right,E7,0,-56009,2,r,:4409_5_2,5,E7_0
demo_18,4409,4409,8,southwest,right,-57077,0,-56009,1,r,:4409_8_0,8,-57077_0
demo_18,4409,4409,9,southwest,right,-57077,0,-56009,2,r,:4409_8_1,8,-57077_0
demo_18,4409,4409,10,southwest,through,-57077,1,-57058,0,s,:4409_10_0,10,-57077_1
demo_18,4409,4409,11,southwest,through,-57077,1,-57058,1,s,:4409_10_1,10,-57077_1
demo_18,4409,4409,12,southwest,through,-57077,2,-57058,2,s,:4409_10_2,10,-57077_2
demo_18,4409,4409,13,southwest,left,-57077,3,-57005,0,L,:4409_13_0,13,-57077_3
demo_18,4409,4409,14,southwest,left,-57077,3,-57005,1,L,:4409_13_1,13,-57077_3
demo_18,4409,4409,15,southwest,left,-57077,3,-57005,2,L,:4409_13_2,13,-57077_3
demo_18,4409,4409,16,northwest,right,-56004,0,-56831,0,r,:4409_16_0,16,-56004_0
demo_18,4409,4409,17,northwest,right,-56004,0,-56831,1,r,:4409_16_1,16,-56004_0
demo_18,4409,4409,18,northwest,right,-56004,0,-56831,2,r,:4409_16_2,16,-56004_0
demo_18,4409,4409,19,northwest,through,-56004,1,-56009,0,s,:4409_19_0,19,-56004_1
demo_18,4409,4409,20,northwest,through,-56004,1,-56009,1,s,:4409_19_1,19,-56004_1
demo_18,4409,4409,21,northwest,through,-56004,2,-56009,2,s,:4409_19_2,19,-56004_2
demo_18,4409,4409,22,northwest,left,-56004,3,-57058,0,l,:4409_22_0,22,-56004_3
demo_18,4409,4409,23,northwest,left,-56004,3,-57058,1,l,:4409_22_1,22,-56004_3
demo_18,4409,4409,24,northwest,left,-56004,3,-57058,2,l,:4409_22_2,22,-56004_3
demo_18,4409,4409,25,northeast,right,-56830,0,-57005,0,r,:4409_25_0,25,-56830_0
demo_18,4409,4409,26,northeast,right,-56830,0,-57005,1,r,:4409_25_1,25,-56830_0
demo_18,4409,4409,27,northeast,right,-56830,0,-57005,2,r,:4409_25_2,25,-56830_0
demo_18,4409,4409,28,northeast,through,-56830,1,-56831,0,s,:4409_28_0,28,-56830_1
demo_18,4409,4409,29,northeast,through,-56830,1,-56831,1,s,:4409_28_1,28,-56830_1
demo_18,4409,4409,30,northeast,through,-56830,2,-56831,2,s,:4409_28_2,28,-56830_2
demo_18,4409,4409,31,northeast,left,-56830,3,-56009,0,l,:4409_31_0,31,-56830_3
demo_18,4409,4409,32,northeast,left,-56830,3,-56009,1,l,:4409_31_1,31,-56830_3
demo_18,4409,4409,33,northeast,left,-56830,3,-56009,2,l,:4409_31_2,31,-56830_3
demo_19,891,891,0,southeast,right,-46538,0,-57396,0,r,:891_0_0,0,-46538_0
demo_19,891,891,1,southeast,through,-46538,0,-46537,0,s,:891_1_0,1,-46538_0
demo_19,891,891,2,southeast,right,-46538,1,-57396,0,r,:891_2_0,2,-46538_1
demo_19,891,891,3,southeast,right,-46538,1,-57396,1,r,:891_2_1,2,-46538_1
demo_19,891,891,4,southeast,through,-46538,1,-46537,1,s,:891_4_0,4,-46538_1
demo_19,891,891,5,southeast,left,-46538,1,-55838,0,l,:891_5_0,5,-46538_1
demo_19,891,891,6,southeast,left,-46538,1,-55838,1,l,:891_5_1,5,-46538_1
demo_19,891,891,8,southwest,right,-57395,0,-52216,1,r,:891_7_0,7,-57395_0
demo_19,891,891,9,southwest,through,-57395,0,-57396,0,s,:891_8_0,8,-57395_0
demo_19,891,891,10,southwest,through,-57395,1,-57396,1,s,:891_8_1,8,-57395_1
demo_19,891,891,11,southwest,left,-57395,1,-46537,1,l,:891_10_0,10,-57395_1
demo_19,891,891,12,northwest,right,-52215,0,-55838,0,r,:891_11_0,11,-52215_0
demo_19,891,891,13,northwest,through,-52215,0,-52216,0,s,:891_12_0,12,-52215_0
demo_19,891,891,14,northwest,right,-52215,1,-55838,0,r,:891_13_0,13,-52215_1
demo_19,891,891,15,northwest,right,-52215,1,-55838,1,r,:891_13_1,13,-52215_1
demo_19,891,891,16,northwest,through,-52215,1,-52216,1,s,:891_15_0,15,-52215_1
demo_19,891,891,17,northwest,left,-52215,1,-57396,0,l,:891_16_0,16,-52215_1
demo_19,891,891,18,northwest,left,-52215,1,-57396,1,l,:891_16_1,16,-52215_1
demo_19,891,891,19,northeast,right,-55837,0,-46537,0,r,:891_18_0,18,-55837_0
demo_19,891,891,20,northeast,right,-55837,0,-46537,1,r,:891_18_1,18,-55837_0
demo_19,891,891,21,northeast,through,-55837,0,-55838,0,s,:891_20_0,20,-55837_0
demo_19,891,891,22,northeast,through,-55837,1,-55838,1,s,:891_20_1,20,-55837_1
demo_19,891,891,23,northeast,left,-55837,1,-52216,1,l,:891_22_0,22,-55837_1
demo_2,317,317,0,south,through,-56734,0,-56736,0,s,:317_0_0,0,-56734_0
demo_2,317,317,1,south,through,-56734,1,-56736,1,s,:317_0_1,0,-56734_1
demo_2,317,317,2,south,through,-56734,2,-56736,2,s,:317_0_2,0,-56734_2
demo_2,317,317,3,south,left,-56734,2,-45801,2,l,:317_3_0,3,-56734_2
demo_2,317,317,4,south,left,-56734,2,-45801,3,l,:317_3_1,3,-56734_2
demo_2,317,317,5,west,right,-51425,0,-57229,1,r,:317_5_0,5,-51425_0
demo_2,317,317,6,west,right,-51425,1,-57229,2,r,:317_5_1,5,-51425_1
demo_2,317,317,7,west,left,-51425,2,-56736,1,l,:317_7_0,7,-51425_2
demo_2,317,317,8,west,left,-51425,3,-56736,2,l,:317_7_1,7,-51425_3
demo_2,317,317,9,west,left,-51425,4,-56736,2,l,:317_7_2,7,-51425_4
demo_2,317,317,10,north,right,-57228,0,-45801,0,r,:317_10_0,10,-57228_0
demo_2,317,317,11,north,through,-57228,0,-57229,0,s,:317_11_0,11,-57228_0
demo_2,317,317,12,north,right,-57228,1,-45801,0,r,:317_12_0,12,-57228_1
demo_2,317,317,13,north,through,-57228,1,-57229,1,s,:317_13_0,13,-57228_1
demo_2,317,317,14,north,through,-57228,2,-57229,2,s,:317_13_1,13,-57228_2
demo_20,3637,3637,0,south,right,-57333,0,-57073,0,r,:3637_0_0,0,-57333_0
demo_20,3637,3637,1,south,through,-57333,1,-56093,0,s,:3637_1_0,1,-57333_1
demo_20,3637,3637,2,south,through,-57333,2,-56093,0,s,:3637_1_1,1,-57333_2
demo_20,3637,3637,3,south,left,-57333,2,-56837,2,l,:3637_3_0,3,-57333_2
demo_20,3637,3637,4,west,right,-57067,0,-57314,0,r,:3637_4_0,4,-57067_0
demo_20,3637,3637,5,west,through,-57067,1,-57073,0,s,:3637_5_0,5,-57067_1
demo_20,3637,3637,6,west,through,-57067,1,-57073,1,s,:3637_5_1,5,-57067_1
demo_20,3637,3637,7,west,through,-57067,2,-57073,2,s,:3637_5_2,5,-57067_2
demo_20,3637,3637,8,west,left,-57067,3,-56093,0,l,:3637_8_0,8,-57067_3
demo_20,3637,3637,9,north,right,-49964,0,-56837,0,r,:3637_9_0,9,-49964_0
demo_20,3637,3637,10,north,through,-49964,0,-57314,1,s,:3637_10_0,10,-49964_0
demo_20,3637,3637,11,north,left,-49964,0,-57073,2,l,:3637_11_0,11,-49964_0
demo_20,3637,3637,12,east,right,-56836,0,-56093,0,r,:3637_12_0,12,-56836_0
demo_20,3637,3637,13,east,through,-56836,1,-56837,0,s,:3637_13_0,13,-56836_1
demo_20,3637,3637,14,east,through,-56836,1,-56837,1,s,:3637_13_1,13,-56836_1
demo_20,3637,3637,15,east,through,-56836,2,-56837,2,s,:3637_13_2,13,-56836_2
demo_20,3637,3637,16,east,left,-56836,3,-57314,1,l,:3637_16_0,16,-56836_3
demo_3,citypulse_demo_3,citypulse_demo_3,0,south,right,-52565,1,57582,0,r,:citypulse_demo_3_0_0,0,-52565_1
demo_3,citypulse_demo_3,citypulse_demo_3,1,south,right,-52565,1,57582,1,r,:citypulse_demo_3_0_1,0,-52565_1
demo_3,citypulse_demo_3,citypulse_demo_3,2,south,right,-52565,1,57582,2,r,:citypulse_demo_3_0_2,0,-52565_1
demo_3,citypulse_demo_3,citypulse_demo_3,3,south,through,-52565,1,46791,1,s,:citypulse_demo_3_3_0,3,-52565_1
demo_3,citypulse_demo_3,citypulse_demo_3,4,south,left,-52565,1,-57582.1757,1,l,:citypulse_demo_3_4_0,4,-52565_1
demo_3,citypulse_demo_3,citypulse_demo_3,5,south,left,-52565,1,-57582.1757,2,l,:citypulse_demo_3_4_1,4,-52565_1
demo_3,citypulse_demo_3,citypulse_demo_3,6,west,right,-50816,0,-46791.1195,1,r,:citypulse_demo_3_6_0,6,-50816_0
demo_3,citypulse_demo_3,citypulse_demo_3,7,west,through,-50816,0,57582,0,s,:citypulse_demo_3_7_0,7,-50816_0
demo_3,citypulse_demo_3,citypulse_demo_3,8,west,right,-50816,1,-46791.1195,1,r,:citypulse_demo_3_8_0,8,-50816_1
demo_3,citypulse_demo_3,citypulse_demo_3,9,west,through,-50816,1,57582,1,s,:citypulse_demo_3_9_0,9,-50816_1
demo_3,citypulse_demo_3,citypulse_demo_3,10,west,through,-50816,2,57582,2,s,:citypulse_demo_3_9_1,9,-50816_2
demo_3,citypulse_demo_3,citypulse_demo_3,11,west,left,-50816,2,46791,1,l,:citypulse_demo_3_11_0,11,-50816_2
demo_3,citypulse_demo_3,citypulse_demo_3,12,north,right,-46791,1,-57582.1757,0,r,:citypulse_demo_3_12_0,12,-46791_1
demo_3,citypulse_demo_3,citypulse_demo_3,13,north,right,-46791,1,-57582.1757,1,r,:citypulse_demo_3_12_1,12,-46791_1
demo_3,citypulse_demo_3,citypulse_demo_3,14,north,right,-46791,1,-57582.1757,2,r,:citypulse_demo_3_12_2,12,-46791_1
demo_3,citypulse_demo_3,citypulse_demo_3,15,north,through,-46791,1,-46791.1195,1,s,:citypulse_demo_3_15_0,15,-46791_1
demo_3,citypulse_demo_3,citypulse_demo_3,16,north,left,-46791,1,57582,1,l,:citypulse_demo_3_16_0,16,-46791_1
demo_3,citypulse_demo_3,citypulse_demo_3,17,north,left,-46791,1,57582,2,l,:citypulse_demo_3_16_1,16,-46791_1
demo_3,citypulse_demo_3,citypulse_demo_3,18,east,right,-57582,0,46791,1,r,:citypulse_demo_3_18_0,18,-57582_0
demo_3,citypulse_demo_3,citypulse_demo_3,19,east,through,-57582,0,-57582.1757,0,s,:citypulse_demo_3_19_0,19,-57582_0
demo_3,citypulse_demo_3,citypulse_demo_3,20,east,right,-57582,1,46791,1,r,:citypulse_demo_3_20_0,20,-57582_1
demo_3,citypulse_demo_3,citypulse_demo_3,21,east,through,-57582,1,-57582.1757,1,s,:citypulse_demo_3_21_0,21,-57582_1
demo_3,citypulse_demo_3,citypulse_demo_3,22,east,through,-57582,2,-57582.1757,2,s,:citypulse_demo_3_21_1,21,-57582_2
demo_3,citypulse_demo_3,citypulse_demo_3,23,east,left,-57582,2,-46791.1195,1,l,:citypulse_demo_3_23_0,23,-57582_2
demo_4,3935,3935,0,south,right,-56732,0,-50675,0,r,:3935_0_0,0,-56732_0
demo_4,3935,3935,1,south,through,-56732,0,-56733,0,s,:3935_1_0,1,-56732_0
demo_4,3935,3935,2,south,right,-56732,1,-50675,0,r,:3935_2_0,2,-56732_1
demo_4,3935,3935,3,south,right,-56732,1,-50675,1,r,:3935_2_1,2,-56732_1
demo_4,3935,3935,4,south,through,-56732,1,-56733,0,s,:3935_4_0,4,-56732_1
demo_4,3935,3935,5,south,through,-56732,2,-56733,1,s,:3935_4_1,4,-56732_2
demo_4,3935,3935,6,south,left,-56732,2,-56613,0,l,:3935_6_0,6,-56732_2
demo_4,3935,3935,7,south,left,-56732,2,-56613,1,l,:3935_6_1,6,-56732_2
demo_4,3935,3935,8,west,through,-50333,0,-50675,0,s,:3935_8_0,8,-50333_0
demo_4,3935,3935,9,west,through,-50333,1,-50675,1,s,:3935_8_1,8,-50333_1
demo_4,3935,3935,10,west,left,-50333,1,-56733,0,l,:3935_10_0,10,-50333_1
demo_4,3935,3935,11,west,left,-50333,1,-56733,1,l,:3935_10_1,10,-50333_1
demo_4,3935,3935,12,north,right,-57229,0,-56613,0,r,:3935_12_0,12,-57229_0
demo_4,3935,3935,13,north,through,-57229,0,-57230,0,s,:3935_13_0,13,-57229_0
demo_4,3935,3935,14,north,right,-57229,1,-56613,0,r,:3935_14_0,14,-57229_1
demo_4,3935,3935,15,north,right,-57229,1,-56613,1,r,:3935_14_1,14,-57229_1
demo_4,3935,3935,16,north,through,-57229,1,-57230,0,s,:3935_16_0,16,-57229_1
demo_4,3935,3935,17,north,through,-57229,2,-57230,1,s,:3935_16_1,16,-57229_2
demo_4,3935,3935,18,north,left,-57229,2,-50675,0,l,:3935_18_0,18,-57229_2
demo_4,3935,3935,19,north,left,-57229,2,-50675,1,l,:3935_18_1,18,-57229_2
demo_4,3935,3935,20,east,through,-57186,0,-56613,0,s,:3935_20_0,20,-57186_0
demo_4,3935,3935,21,east,through,-57186,1,-56613,1,s,:3935_20_1,20,-57186_1
demo_4,3935,3935,22,east,left,-57186,1,-57230,0,l,:3935_22_0,22,-57186_1
demo_4,3935,3935,23,east,left,-57186,1,-57230,1,l,:3935_22_1,22,-57186_1
demo_5,3807,3807,0,south,right,-57586,0,-56402,0,r,:3807_0_0,0,-57586_0
demo_5,3807,3807,1,south,right,-57586,1,-56402,1,r,:3807_0_1,0,-57586_1
demo_5,3807,3807,2,south,right,-57586,1,-56402,2,r,:3807_0_2,0,-57586_1
demo_5,3807,3807,3,south,left,-57586,2,-50172,1,l,:3807_3_0,3,-57586_2
demo_5,3807,3807,4,south,left,-57586,2,-50172,2,l,:3807_3_1,3,-57586_2
demo_5,3807,3807,5,west,right,-56392,0,-50820,0,r,:3807_5_0,5,-56392_0
demo_5,3807,3807,6,west,through,-56392,0,-56402,0,s,:3807_6_0,6,-56392_0
demo_5,3807,3807,7,west,right,-56392,1,-50820,1,r,:3807_7_0,7,-56392_1
demo_5,3807,3807,8,west,through,-56392,1,-56402,1,s,:3807_8_0,8,-56392_1
demo_5,3807,3807,9,west,through,-56392,2,-56402,2,s,:3807_8_1,8,-56392_2
demo_5,3807,3807,10,east,through,-50182,0,-50172,0,s,:3807_10_0,10,-50182_0
demo_5,3807,3807,11,east,through,-50182,1,-50172,1,s,:3807_10_1,10,-50182_1
demo_5,3807,3807,12,east,through,-50182,2,-50172,2,s,:3807_10_2,10,-50182_2
demo_5,3807,3807,13,east,left,-50182,2,-50820,1,l,:3807_13_0,13,-50182_2
demo_6,3936,3936,0,south,right,-57584,0,-50342,0,r,:3936_0_0,0,-57584_0
demo_6,3936,3936,1,south,through,-57584,0,-57585,0,s,:3936_1_0,1,-57584_0
demo_6,3936,3936,2,south,right,-57584,1,-50342,0,r,:3936_2_0,2,-57584_1
demo_6,3936,3936,3,south,right,-57584,1,-50342,1,r,:3936_2_1,2,-57584_1
demo_6,3936,3936,4,south,through,-57584,1,-57585,1,s,:3936_4_0,4,-57584_1
demo_6,3936,3936,5,south,through,-57584,2,-57585,1,s,:3936_4_1,4,-57584_2
demo_6,3936,3936,6,south,left,-57584,2,-56614,2,l,:3936_6_0,6,-57584_2
demo_6,3936,3936,7,west,right,-50334,0,-50818,0,r,:3936_7_0,7,-50334_0
demo_6,3936,3936,8,west,right,-50334,0,-50818,1,r,:3936_7_1,7,-50334_0
demo_6,3936,3936,9,west,right,-50334,0,-50818,2,r,:3936_7_2,7,-50334_0
demo_6,3936,3936,10,west,through,-50334,0,-50342,0,s,:3936_10_0,10,-50334_0
demo_6,3936,3936,11,west,through,-50334,1,-50342,1,s,:3936_10_1,10,-50334_1
demo_6,3936,3936,12,west,left,-50334,2,-57585,1,l,:3936_12_0,12,-50334_2
demo_6,3936,3936,13,north,right,-50819,0,-56614,0,r,:3936_13_0,13,-50819_0
demo_6,3936,3936,14,north,through,-50819,0,-50818,0,s,:3936_14_0,14,-50819_0
demo_6,3936,3936,15,north,right,-50819,1,-56614,1,r,:3936_15_0,15,-50819_1
demo_6,3936,3936,16,north,right,-50819,1,-56614,2,r,:3936_15_1,15,-50819_1
demo_6,3936,3936,17,north,through,-50819,1,-50818,1,s,:3936_17_0,17,-50819_1
demo_6,3936,3936,18,north,through,-50819,2,-50818,2,s,:3936_17_1,17,-50819_2
demo_6,3936,3936,19,north,left,-50819,2,-50342,0,l,:3936_19_0,19,-50819_2
demo_6,3936,3936,20,north,left,-50819,2,-50342,1,l,:3936_19_1,19,-50819_2
demo_6,3936,3936,21,east,right,-56623,0,-57585,0,r,:3936_21_0,21,-56623_0
demo_6,3936,3936,22,east,right,-56623,0,-57585,1,r,:3936_21_1,21,-56623_0
demo_6,3936,3936,23,east,through,-56623,0,-56614,0,s,:3936_23_0,23,-56623_0
demo_6,3936,3936,24,east,through,-56623,0,-56614,1,s,:3936_23_1,23,-56623_0
demo_6,3936,3936,25,east,through,-56623,1,-56614,2,s,:3936_23_2,23,-56623_1
demo_6,3936,3936,26,east,left,-56623,2,-50818,1,l,:3936_26_0,26,-56623_2
demo_6,3936,3936,27,east,left,-56623,2,-50818,2,l,:3936_26_1,26,-56623_2
demo_7,610,610,0,west,through,-46217,0,-46216,0,s,:610_0_0,0,-46217_0
demo_7,610,610,1,west,left,-46217,0,-46293,0,l,:610_1_0,1,-46217_0
demo_7,610,610,2,east,right,-51953,0,-51872,0,r,:610_2_0,2,-51953_0
demo_7,610,610,3,east,left,-51953,0,-46216,0,l,:610_3_0,3,-51953_0
demo_7,610,610,4,south,right,-51871,0,-46293,0,r,:610_4_0,4,-51871_0
demo_7,610,610,5,south,through,-51871,0,-51872,0,s,:610_5_0,5,-51871_0
demo_8,4393,J1,0,south,through,-57109,0,-57125,0,s,:4393_0_0,0,-57109_0
demo_8,4393,J1,1,south,through,-57109,1,-57125,1,s,:4393_0_1,0,-57109_1
demo_8,4393,J1,2,south,through,-57109,2,-57125,2,s,:4393_0_2,0,-57109_2
demo_8,4393,J1,3,south,through,-57109,3,-57125,2,s,:4393_0_3,0,-57109_3
demo_8,4393,J1,4,south,left,-57109,3,-54810,0,l,:4393_4_0,4,-57109_3
demo_8,4393,J1,5,south,left,-57109,3,-54810,1,l,:4393_4_1,4,-57109_3
demo_8,4393,J1,6,south,left,-57109,3,-54810,2,l,:4393_4_2,4,-57109_3
demo_8,4393,J1,7,west,right,-57234,0,-57113,0,r,:4393_7_0,7,-57234_0
demo_8,4393,J1,8,west,right,-57234,1,-57113,0,r,:4393_7_1,7,-57234_1
demo_8,4393,J1,9,west,right,-57234,1,-57113,1,r,:4393_7_2,7,-57234_1
demo_8,4393,J1,10,west,right,-57234,1,-57113,2,r,:4393_7_3,7,-57234_1
demo_8,4393,J1,11,west,right,-57234,1,-57113,3,r,:4393_7_4,7,-57234_1
demo_8,4393,J1,12,west,through,-57234,2,-57236,0,s,:4393_12_0,12,-57234_2
demo_8,4393,J1,13,west,through,-57234,2,-57236,1,s,:4393_12_1,12,-57234_2
demo_8,4393,J1,14,west,through,-57234,3,-57236,2,s,:4393_12_2,12,-57234_3
demo_8,4393,J1,15,west,left,-57234,4,-57125,0,l,:4393_15_0,15,-57234_4
demo_8,4393,J1,16,west,left,-57234,4,-57125,1,l,:4393_15_1,15,-57234_4
demo_8,4393,J1,17,west,left,-57234,5,-57125,2,l,:4393_15_2,15,-57234_5
demo_8,4393,J1,18,north,right,-57112,0,-54810,0,r,:4393_18_0,18,-57112_0
demo_8,4393,J1,19,north,right,-57112,1,-54810,1,r,:4393_18_1,18,-57112_1
demo_8,4393,J1,20,north,through,-57112,1,-57113,0,s,:4393_20_0,20,-57112_1
demo_8,4393,J1,21,north,through,-57112,1,-57113,1,s,:4393_20_1,20,-57112_1
demo_8,4393,J1,22,north,through,-57112,2,-57113,2,s,:4393_20_2,20,-57112_2
demo_8,4393,J1,23,north,through,-57112,3,-57113,3,s,:4393_20_3,20,-57112_3
demo_8,4393,J1,24,north,left,-57112,4,-57236,2,l,:4393_24_0,24,-57112_4
demo_8,4393,J1,25,east,through,-54807,0,-54810,0,s,:4393_25_0,25,-54807_0
demo_8,4393,J1,26,east,through,-54807,1,-54810,1,s,:4393_25_1,25,-54807_1
demo_8,4393,J1,27,east,through,-54807,2,-54810,2,s,:4393_25_2,25,-54807_2
demo_8,4393,J1,28,east,left,-54807,3,-57113,3,l,:4393_28_0,28,-54807_3
demo_9,3864,3864,0,south,right,-56369,0,-50338,0,r,:3864_0_0,0,-56369_0
demo_9,3864,3864,1,south,right,-56369,0,-56496,1,R,:3864_1_0,1,-56369_0
demo_9,3864,3864,2,south,right,-56369,1,-50338,1,r,:3864_2_0,2,-56369_1
demo_9,3864,3864,3,south,right,-56369,1,-50338,2,r,:3864_2_1,2,-56369_1
demo_9,3864,3864,4,south,right,-56369,1,-56496,1,R,:3864_4_0,4,-56369_1
demo_9,3864,3864,5,south,through,-56369,1,-56370,1,s,:3864_5_0,5,-56369_1
demo_9,3864,3864,6,south,through,-56369,2,-56370,2,s,:3864_5_1,5,-56369_2
demo_9,3864,3864,7,south,left,-56369,3,-56620,1,l,:3864_7_0,7,-56369_3
demo_9,3864,3864,8,south,left,-56369,3,-56620,2,l,:3864_7_1,7,-56369_3
demo_9,3864,3864,9,west,right,-50339,0,-56715,0,r,:3864_9_0,9,-50339_0
demo_9,3864,3864,10,west,through,-50339,0,-50338,0,s,:3864_10_0,10,-50339_0
demo_9,3864,3864,11,west,right,-50339,1,-56715,1,r,:3864_11_0,11,-50339_1
demo_9,3864,3864,12,west,right,-50339,1,-56715,2,r,:3864_11_1,11,-50339_1
demo_9,3864,3864,13,west,through,-50339,1,-50338,1,s,:3864_13_0,13,-50339_1
demo_9,3864,3864,14,west,through,-50339,2,-50338,2,s,:3864_13_1,13,-50339_2
demo_9,3864,3864,15,west,left,-50339,3,-56496,1,L,:3864_15_0,15,-50339_3
demo_9,3864,3864,16,west,left,-50339,3,-56370,1,l,:3864_16_0,16,-50339_3
demo_9,3864,3864,17,west,left,-50339,3,-56370,2,l,:3864_16_1,16,-50339_3
demo_9,3864,3864,18,north,right,-57214,0,-56620,0,r,:3864_18_0,18,-57214_0
demo_9,3864,3864,19,north,through,-57214,0,-56715,0,s,:3864_19_0,19,-57214_0
demo_9,3864,3864,20,north,right,-57214,1,-56620,1,r,:3864_20_0,20,-57214_1
demo_9,3864,3864,21,north,right,-57214,1,-56620,2,r,:3864_20_1,20,-57214_1
demo_9,3864,3864,22,north,through,-57214,1,-56715,1,s,:3864_22_0,22,-57214_1
demo_9,3864,3864,23,north,through,-57214,2,-56715,2,s,:3864_22_1,22,-57214_2
demo_9,3864,3864,24,north,left,-57214,3,-50338,1,l,:3864_24_0,24,-57214_3
demo_9,3864,3864,25,north,left,-57214,3,-50338,2,l,:3864_24_1,24,-57214_3
demo_9,3864,3864,26,north,left,-57214,3,-56496,1,l,:3864_26_0,26,-57214_3
demo_9,3864,3864,27,northeast,right,-50241,1,-56370,0,r,:3864_27_0,27,-50241_1
demo_9,3864,3864,28,northeast,right,-50241,1,-56370,1,r,:3864_27_1,27,-50241_1
demo_9,3864,3864,29,northeast,right,-50241,1,-56370,2,r,:3864_27_2,27,-50241_1
demo_9,3864,3864,30,northeast,right,-50241,1,-56620,0,R,:3864_30_0,30,-50241_1
demo_9,3864,3864,31,northeast,right,-50241,1,-56620,1,R,:3864_30_1,30,-50241_1
demo_9,3864,3864,32,northeast,right,-50241,1,-56620,2,R,:3864_30_2,30,-50241_1
demo_9,3864,3864,33,northeast,left,-50241,1,-50338,1,l,:3864_33_0,33,-50241_1
demo_9,3864,3864,34,northeast,left,-50241,1,-50338,2,l,:3864_33_1,33,-50241_1
demo_9,3864,3864,35,east,right,-56619,0,-56370,0,R,:3864_35_0,35,-56619_0
demo_9,3864,3864,36,east,through,-56619,0,-56620,0,s,:3864_36_0,36,-56619_0
demo_9,3864,3864,37,east,right,-56619,1,-56496,1,r,:3864_37_0,37,-56619_1
demo_9,3864,3864,38,east,right,-56619,1,-56370,1,R,:3864_38_0,38,-56619_1
demo_9,3864,3864,39,east,through,-56619,1,-56620,1,s,:3864_39_0,39,-56619_1
demo_9,3864,3864,40,east,through,-56619,2,-56620,2,s,:3864_39_1,39,-56619_2
demo_9,3864,3864,41,east,left,-56619,3,-56715,1,l,:3864_41_0,41,-56619_3
demo_9,3864,3864,42,east,left,-56619,3,-56715,2,l,:3864_41_1,41,-56619_3
